{"cameraMode":{"drawMode":0,"name":"Shaded","section":"Shading Mode"},"sceneLighting":true,"audioPlay":false,"sceneViewState":{"m_AlwaysRefresh":false,"showFog":true,"showSkybox":true,"showFlares":true,"showImageEffects":true,"showParticleSystems":true,"showVisualEffectGraphs":true,"m_FxEnabled":true},"in2DMode":false,"pivot":{"x":33.34864807128906,"y":10.012550354003907,"z":3.1020541191101076},"rotation":{"x":-0.0329679511487484,"y":0.03987542912364006,"z":-0.0013168943114578724,"w":-0.9986661672592163},"size":25.74696159362793,"orthographic":true}