{"cameraMode":{"drawMode":0,"name":"Shaded","section":"Shading Mode"},"sceneLighting":false,"audioPlay":false,"sceneViewState":{"m_AlwaysRefresh":false,"showFog":true,"showSkybox":false,"showFlares":true,"showImageEffects":true,"showParticleSystems":true,"showVisualEffectGraphs":true,"m_FxEnabled":true},"in2DMode":false,"pivot":{"x":1.1534628868103028,"y":1.0734747648239136,"z":2.1663761138916017},"rotation":{"x":0.014417470432817936,"y":-0.8291085958480835,"z":0.02140381745994091,"w":0.55849289894104},"size":2.3353731632232668,"orthographic":false}